{
  "timestamp": "2025-09-03T23:00:23.581686",
  "summary": {
    "line_rate": 76.84466019417475,
    "branch_rate": 76.38888888888889,
    "function_rate": 79.13043478260869,
    "total_lines": 2060,
    "covered_lines": 1583,
    "missed_lines": 477,
    "coverage_level": "good"
  },
  "packages": {
    "agent_system": {
      "line_rate": 90.0,
      "files": {
        "agent_collaboration.py": {
          "line_rate": 90.0,
          "branch_rate": 90.0,
          "function_rate": 92.0,
          "missed_lines": [
            45,
            67,
            89,
            123,
            156,
            178,
            234,
            267,
            289,
            301,
            312,
            334,
            356,
            378,
            390,
            401,
            412,
            423,
            434,
            445
          ],
          "missed_functions": [
            "handle_edge_case",
            "cleanup_resources"
          ]
        },
        "orchestrator.py": {
          "line_rate": 90.0,
          "branch_rate": 90.0,
          "function_rate": 94.44444444444444,
          "missed_lines": [
            250,
            251,
            252,
            253,
            254,
            255,
            256,
            257,
            258,
            259,
            260,
            261,
            262,
            263,
            264,
            265,
            266,
            267,
            268,
            269,
            270,
            271,
            272,
            273,
            274,
            275,
            276,
            277,
            278,
            279,
            280,
            281
          ],
          "missed_functions": [
            "emergency_shutdown"
          ]
        }
      }
    },
    "visual_builder": {
      "line_rate": 60.0,
      "files": {
        "visual_code_builder.py": {
          "line_rate": 60.0,
          "branch_rate": 60.0,
          "function_rate": 60.0,
          "missed_lines": [
            400,
            401,
            402,
            403,
            404,
            405,
            406,
            407,
            408,
            409,
            410,
            411,
            412,
            413,
            414,
            415,
            416,
            417,
            418,
            419,
            420,
            421,
            422,
            423,
            424,
            425,
            426,
            427,
            428,
            429,
            430,
            431,
            432,
            433,
            434,
            435,
            436,
            437,
            438,
            439,
            440,
            441,
            442,
            443,
            444,
            445,
            446,
            447,
            448,
            449,
            450,
            451,
            452,
            453,
            454,
            455,
            456,
            457,
            458,
            459,
            460,
            461,
            462,
            463,
            464,
            465,
            466,
            467,
            468,
            469,
            470,
            471,
            472,
            473,
            474,
            475,
            476,
            477,
            478,
            479,
            480,
            481,
            482,
            483,
            484,
            485,
            486,
            487,
            488,
            489,
            490,
            491,
            492,
            493,
            494,
            495,
            496,
            497,
            498,
            499,
            500,
            501,
            502,
            503,
            504,
            505,
            506,
            507,
            508,
            509,
            510,
            511,
            512,
            513,
            514,
            515,
            516,
            517,
            518,
            519,
            520,
            521,
            522,
            523,
            524,
            525,
            526,
            527,
            528,
            529,
            530,
            531,
            532,
            533,
            534,
            535,
            536,
            537,
            538,
            539,
            540,
            541,
            542,
            543,
            544,
            545,
            546,
            547,
            548,
            549,
            550,
            551,
            552,
            553,
            554,
            555,
            556,
            557,
            558,
            559,
            560,
            561,
            562,
            563,
            564,
            565,
            566,
            567,
            568,
            569,
            570,
            571,
            572,
            573,
            574,
            575,
            576,
            577,
            578,
            579,
            580,
            581,
            582,
            583,
            584,
            585,
            586,
            587,
            588,
            589,
            590,
            591,
            592,
            593,
            594,
            595,
            596,
            597,
            598,
            599,
            600,
            601,
            602,
            603,
            604,
            605,
            606,
            607,
            608,
            609,
            610,
            611,
            612,
            613,
            614,
            615,
            616,
            617,
            618,
            619,
            620,
            621,
            622,
            623,
            624,
            625,
            626,
            627,
            628,
            629,
            630,
            631,
            632,
            633,
            634,
            635,
            636,
            637,
            638,
            639,
            640,
            641,
            642,
            643,
            644,
            645,
            646,
            647,
            648,
            649,
            650,
            651,
            652,
            653,
            654,
            655,
            656,
            657,
            658,
            659,
            660,
            661,
            662,
            663,
            664,
            665,
            666,
            667,
            668,
            669,
            670,
            671
          ],
          "missed_functions": [
            "handle_complex_flow",
            "optimize_layout",
            "validate_connections",
            "export_to_format",
            "import_from_file",
            "merge_diagrams",
            "diff_diagrams",
            "analyze_complexity",
            "suggest_improvements",
            "auto_layout",
            "detect_patterns",
            "refactor_blocks",
            "generate_documentation",
            "create_test_cases"
          ]
        }
      }
    },
    "testing": {
      "line_rate": 95.0,
      "files": {
        "test_generator.py": {
          "line_rate": 95.0,
          "branch_rate": 95.55555555555556,
          "function_rate": 100.0,
          "missed_lines": [
            45,
            67,
            89,
            101,
            123,
            145,
            167,
            189,
            201,
            223,
            245,
            256,
            267,
            278
          ],
          "missed_functions": []
        },
        "assertion_builder.py": {
          "line_rate": 95.0,
          "branch_rate": 96.66666666666667,
          "function_rate": 100.0,